Id,Prediction
2243441793,0.155972595189
2779703740,0.211850365399
156808324,0.601082363314
378320007,0.203490865638
2969187465,0.192705951666
429307018,0.871451224321
255538315,0.248399998255
2988200908,0.20807758445
1883714701,0.386847051448
15283342,0.19206201273
44577935,0.69796344561
235222161,0.78225496248
245404651,0.0588421973683
2948379796,0.141693685707
2792207510,0.117827579356
1332458648,0.192705951666
238225604,0.575095291079
2218210458,0.125484611994
2379723931,0.15587756879
2497622281,0.18072106645
1532900509,0.194342196301
207489743,0.141230557807
304067743,0.372588014676
42284193,0.461900786074
2789160098,0.192705951666
49656996,0.688349031904
285422758,0.206475548189
325792625,0.0957720822519
176676380,0.185969322673
1478112426,0.90511094874
2457482411,0.181909613773
1087694976,0.131163649443
47848989,0.85171634725
234042544,0.724955213633
161663176,0.326563782435
69776562,0.925561120949
262909226,0.164555339151
36975797,0.399946739355
376911030,0.322026359453
300058825,0.147693310147
16986996,0.227661045336
58569914,0.977879757088
2200745147,0.861564022356
297153724,0.220198037446
594818237,0.718610202517
2378234103,0.220300343826
95925440,0.884606568771
2820753611,0.347424535014
1113470149,0.173324385446
1007203526,0.385297282126
47204919,0.192705951666
61617356,0.781275590587
2386032861,0.454660125428
1036137678,0.163639089774
1577202896,0.984778304225
388019409,0.125653725377
1580381394,0.922977192079
542061780,0.150729107631
1077818233,0.995650109645
38122712,0.51411987422
16233689,0.178740099689
385692891,0.229140368809
989115612,0.104931004943
521090269,0.192705951666
46019808,0.21495208185
329233633,0.352117163604
210253028,0.214688203822
2327283783,0.249030458799
2988979430,0.198288247338
2987542737,0.335187640942
2179157074,0.188582187688
62518140,0.581481856447
2875676299,0.311178658315
2944671271,0.0781876489836
500610288,0.821523645517
2720205011,0.761178702439
2855875828,0.195947930409
1276458229,0.380684631618
380417271,0.120070889751
2418160888,0.104772570826
444756863,0.57348942768
15643901,0.815833769996
414070016,0.20215945442
165426435,0.938404597416
2279245694,0.217629643539
569324806,0.118106641455
1583658247,0.107364914152
2577413384,0.11282057237
343422217,0.192705951666
1344997591,0.431978346498
71152908,0.524296217284
2818749709,0.132191043165
316683535,0.995596096238
1549448466,0.170144217734
45921556,0.368861078769
1262335255,0.744806840873
100032047,0.0495302282838
236827933,0.484758161481
2987504927,0.415104418805
1374106914,0.996392429373
1649128740,0.655960188971
10957702,0.154563859669
50634289,0.0549352134636
2477176104,0.127672326644
246483164,0.139338755601
14759210,0.659322883366
414562225,0.341595533787
399521068,0.333520054497
1035886130,0.178079313044
127841582,0.930148435023
1904494813,0.133882972928
140621106,0.0941947524804
2593469748,0.18465334195
1334785333,0.217469138102
1026078007,0.455527145024
405878072,0.374374446707
140817585,0.0874475114705
67908924,0.720159621525
252622141,0.690997861091
1934275902,0.11084340849
371537216,0.209857526305
212055362,0.87977706139
2352213482,0.235968588139
948843847,0.150523473165
521549128,0.851277738209
451884361,0.831706539409
8041802,0.977423878271
81124919,0.832001535767
791542597,0.179626544562
2864395599,0.158970446473
355382608,0.150320216657
19772753,0.923853670217
795620690,0.830159562105
252872931,0.287774137424
820917589,0.498191394934
164771158,0.106998936396
144979287,0.0463202286101
2988378340,0.0530317396221
2646062426,0.259107957508
2743380694,0.0993309424262
331232604,0.249931243194
343160159,0.229542631348
25736544,0.327719636954
1022669712,0.353495115707
813708643,0.128134588065
397260132,0.787220419149
1122420966,0.258970712162
1528837478,0.982616640637
2941760871,0.145966588777
33797481,0.973491331665
303314282,0.996067606672
148977003,0.238771228106
29046124,0.165249734167
188117906,0.268913566081
149665134,0.652884937527
243610994,0.988369934089
981448051,0.347049217775
594883956,0.923374342017
438089077,0.142002152376
2939952703,0.157253898088
17053052,0.861967736587
2988291453,0.049837137199
554131008,0.981128569514
2595632514,0.133205588142
176168862,0.0920733990945
205665671,0.959841209645
319567240,0.576175777404
2731947401,0.349997618872
183874954,0.149324702611
2758227339,0.263156338699
1641035149,0.219652631011
16627086,0.808615558856
2591803629,0.408088874461
548812177,0.136600989877
2188227986,0.940540295036
505361812,0.192705951666
2330473878,0.147403533748
242559763,0.149930302403
63485337,0.953812082437
376419739,0.793499857644
1406343823,0.160062801064
43333021,0.656114624641
189248926,0.177583647034
54009413,0.369684422694
2977517189,0.705791566911
360625570,0.115868577158
2559931291,0.0385178071893
2244162980,0.998761228394
230954504,0.192911307254
2512439537,0.226145709478
143668648,0.132374713419
480589229,0.16677701777
215856558,0.192705951666
2579669816,0.200174824217
2850403192,0.284609887081
855389618,0.354864016734
30356915,0.57448331356
51671966,0.907454776276
22787510,0.958198430757
1864635096,0.123686014575
292800756,0.481606929961
524924346,0.074150467372
2750428603,0.247722953658
424762954,0.508211432105
2855581118,0.242603843913
27276736,0.99474025759
20919745,0.785536537801
1106490818,0.382622222468
1242412483,0.0953025445658
2986587588,0.184930562737
2576168394,0.22066795335
15775181,0.927799052324
2160014798,0.0908466603657
271922640,0.401161340872
530003409,0.121089961209
150484436,0.998006868793
74594475,0.353731231206
88028631,0.152276353515
908932568,0.178871418413
405911002,0.254211299653
30881244,0.962169154226
2612726010,0.226919702056
20690398,0.490425157547
950285791,0.277390013537
167622112,0.338988545992
2905847265,0.192705951666
717261128,0.212336066152
474461670,0.1048712702
182430666,0.239543026201
2291719286,0.0408754041702
61945322,0.254004006523
25621415,0.11451129827
257635910,0.180344542267
2989602285,0.135340342777
835597807,0.663552521949
159626736,0.275154629745
119892248,0.104604464302
446838260,0.379001302981
2802754370,0.147048261326
504739324,0.197010302764
236631549,0.178893004904
254686719,0.221309885563
482391552,0.994169505099
2980361729,0.252872086538
940177052,0.0943757179888
609072643,0.0805636143721
122041860,0.228617475707
216473174,0.192705951666
611890695,0.780506495843
569652745,0.492647580506
2912138763,0.216089645929
2941203980,0.102834296822
627062287,0.54601375051
2348670552,0.122495929966
2220406291,0.192705951666
1656436244,0.154094188897
571913749,0.516029168933
396926553,0.0951652876494
1064941080,0.975292112187
105898800,0.244208046792
129676826,0.748367311162
1427289007,0.998150506565
517125660,0.958432801638
38090270,0.299908583561
1676609797,0.166901275857
2177185314,0.263320729297
2987728475,0.0401079308091
31929894,0.0647208355154
424276913,0.140883145777
201143849,0.584478415696
20613383,0.612811805272
99316658,0.223658731223
268705373,0.192705951666
437925424,0.246790697347
828028465,0.116935601156
370621179,0.192705951666
2987013683,0.509464717663
2567342406,0.280219817933
183875129,0.865843199141
29046331,0.645466845686
1553053244,0.687792374134
2450637458,0.174316202089
491434012,0.435002837182
448312898,0.121298349077
20297283,0.770249949706
1242584845,0.285140719888
1044231750,0.295999854326
994260552,0.101070257472
512636489,0.132845581447
1270953546,0.988261385393
45069899,0.906959956932
2312549964,0.981103146747
25736781,0.233953066166
61191759,0.438850477839
836312383,0.159202032469
2890079843,0.143539123205
1153218132,0.446165499336
2991458574,0.188086432698
279768396,0.330347874984
614876264,0.946613471551
767578,0.544965339563
76723803,0.9896470697
743683676,0.272046557335
304526941,0.880050757018
798668382,0.245791592632
411836598,0.482799034618
597079649,0.157418649074
88815202,0.227428563375
17053283,0.365949188317
213377496,0.192262329662
44578405,0.999999322417
284735081,0.434702757339
18953834,0.413916266084
2875203175,0.221239265266
1589491309,0.206834480565
365278830,0.289461589475
448738928,0.582639488141
2433693297,0.323196444551
1486861940,0.712861007881
39204469,0.218246023578
15480438,0.693607821666
104328866,0.204935087486
353612807,0.783881751533
315963001,0.144786407248
1104623226,0.654062542889
400537211,0.254554143889
64992893,0.900431252684
2931471998,0.187353510587
2229635349,0.0758036010894
139572864,0.390321668942
2962896513,0.380789856689
2815768194,0.177555263415
335584875,0.140785064311
1457031446,0.147541240786
194328199,0.116194974987
259077768,0.862848835781
190076334,0.0667188130627
2989099287,0.205709967775
2988979852,0.144435572644
1700640397,0.107886903352
495466126,0.970379325145
299398919,0.214629492934
880102176,0.361553101691
1703098002,0.210363140706
1653749395,0.253796882779
211105430,0.851346572976
552253081,0.907911928771
1279604378,0.505158675148
1023587995,0.0896313564751
270300101,0.104933151429
521549472,0.99931768859
270710433,0.0429955713083
415741602,0.999516221389
75740838,0.878285554629
24223345,0.189787252342
1491482280,0.190438027267
64304811,0.117659376857
93468333,0.528588452091
164050606,0.854697689815
875225358,0.55603485716
440383156,0.996287445498
335591094,0.356015480322
39302842,0.289120340895
2168967877,0.29364200211
1041053372,0.150704117809
2986718909,0.183660939838
472397502,0.382262968211
14694079,0.467405636104
406566593,0.945396938757
494974658,0.343611696051
1455811,0.870858724913
2195338950,0.309929964931
721237704,0.963982950891
2798761674,0.854832554412
299474551,0.320365901882
1067005646,0.978761267895
1380366031,0.954159649517
41760465,0.641358199197
1510972296,0.135476127056
19019478,0.978203916803
331144825,0.0527424363788
855389912,0.299583347873
117934372,0.433052122686
2960570074,0.192705951666
15677147,0.193377602966
2970728159,0.255570778486
28784352,0.800827061686
238270178,0.336273703529
807810788,0.151169643981
330549542,0.147506683249
1515127320,0.358356527074
810170088,0.126510453814
259110633,0.3718100494
560360137,0.140841110157
23934700,0.159283440671
305149679,0.0992457706499
106641138,0.952660511675
2956236273,0.0632118858099
253966068,0.187935852378
381007605,0.992598066123
537835258,0.112576473079
411819647,0.163156549161
1365395754,0.384094039657
1383610112,0.787411522171
708043502,0.202451388607
174307074,0.999398086631
126730892,0.531823560087
1269184261,0.226448289934
1410643718,0.879729420945
2917185287,0.147328479678
2450863880,0.124458961522
2815440649,0.38673416413
133936906,0.668756203737
2384212951,0.161648492976
337131276,0.391929209252
19511057,0.944558189643
1577465618,0.224903255417
77608723,0.49838205121
1090598676,0.192705951666
60143382,0.0924269813195
2951165719,0.295575896738
1728703831,0.305851488993
321697562,0.162459232082
216217372,0.459481691707
2183001050,0.198395987092
52573982,0.23861805313
61060895,0.932772988768
555169568,0.468356026042
16725793,0.805883998128
2426320674,0.975552240246
605665060,0.889431737868
1619074694,0.200215731687
19052329,0.470336741195
15054636,0.0566910706996
2254026541,0.294697251682
241252142,0.195129036695
321632047,0.166964081438
627914544,0.674630586006
1370535732,0.192705951666
240939998,0.148789046726
97581324,0.174727283886
31504183,0.28816556201
265566008,0.555640221912
223426361,0.418749962768
20657978,0.74222806403
390329311,0.827638389881
2987260583,0.205659232851
607739530,0.291453727223
2896333109,0.180179951248
124521019,0.215380895342
81508162,0.236023953376
73381700,0.996140577047
476395333,0.170239116539
241088326,0.1523571674
513554247,0.0432752105608
1796168605,0.116668165902
281261897,0.135882717352
1458550602,0.814072083432
1647026400,0.199753906445
480917326,0.122995092576
2411935568,0.537788446209
21825848,0.379845516496
1276491602,0.131020866325
614691811,0.856654561558
2746365784,0.37530966027
362854233,0.999994325577
151598938,0.998054297471
2477328254,0.277225616944
152713052,0.0954574500894
2987067706,0.248964306554
251687909,0.201672827039
34879329,0.944537852875
519092066,0.3800143325
264976228,0.192705951666
15906661,0.471456557749
2931138193,0.15055208881
621492072,0.392086062654
920406332,0.230861634848
440678250,0.333680756934
171816811,0.405682120329
327399277,0.0460669403387
849594685,0.993689508159
2171254642,0.428920020873
507488976,0.720092302674
831469428,0.147842405268
449034101,0.766300656019
76003190,0.0901074207673
599308152,0.571529773048
308623226,0.997215544113
2776741755,0.288380283482
174471037,0.400284425901
134526846,0.107777737256
14038912,0.834775464827
309901185,0.759268734121
2272245638,0.493987434883
195639175,0.25555795287
1380366217,0.202696102301
620640009,0.0832031860449
634664843,0.22621298398
570668940,0.242906679021
5257101,0.237050075397
326859398,0.1828229699
777368557,0.212112582128
388937617,0.425314438625
2359134531,0.169878224611
273168277,0.153215755489
11656112,0.243043289658
1645937576,0.188076843769
2430875544,0.645851225657
1541126041,0.47251320642
1463564186,0.159111901332
102348699,0.0964120067255
421443484,0.999865338278
246888352,0.129171597569
353498096,0.98783441632
478689187,0.372431954488
197244836,0.326665384884
372389797,0.928455101621
2414827357,0.0871764221986
14661544,0.353933240382
280639402,0.362622260498
215693228,0.950100660546
1276195826,0.11934263897
1362933678,0.124249589984
19642288,0.136267688396
20953009,0.970082350893
2559162291,0.186182525377
2991437748,0.195660500276
50149302,0.358674651696
17971127,0.181690521019
20789177,0.420232578052
346044347,0.178133257851
332937150,0.934117443656
40089536,0.632064147017
1389574081,0.624841219822
119355330,0.204179416886
1305250123,0.202141123494
18724805,0.469242339595
36583367,0.339286645164
398505928,0.998370560584
134285644,0.187802861514
203306954,0.455895250015
1730753527,0.185096063895
2252912588,0.186385304733
753842125,0.100322747283
64112973,0.1189451927
14792656,0.877106694253
2439591889,0.771142999605
377403346,0.312028801182
114056867,0.309784555195
265336788,0.423173433505
2923771862,0.44511821651
238303196,0.999999996727
395753440,0.997109182038
116963297,0.982005623547
486044667,0.282153056988
2230794215,0.551637471623
20494313,0.981322851992
122337261,0.422097965135
119191535,0.965360453253
964769778,0.986874099062
4405241,0.547633671069
842119164,0.272442464631
61290495,0.46844707614
318879745,0.292832288934
1685665800,0.941361726043
785594377,0.736060000542
406527662,0.363029918342
1268168732,0.997193438612
117180763,0.864840577589
32225316,0.31920947532
129841195,0.97760834595
261109813,0.892559129401
2801416247,0.987570630306
275003449,0.748238199859
90847290,0.992837344743
41498684,0.107048108537
1869101118,0.999919816666
16857151,0.410446000407
27310146,0.926970580071
2742990915,0.354383391179
1565154998,0.30016045392
821377100,0.679401875343
976074841,0.405733511981
14628954,0.894304264745
29145184,0.978803671699
172603490,0.685202717429
28719204,0.109994529593
192100453,0.908648810848
468498535,0.715370405749
176502888,0.297503936974
1080932460,0.78776161032
22306493,0.72185548314
810563696,0.218354122899
98941042,0.903617380845
1352972408,0.370642929417
585676926,0.718610943418
969291907,0.73336312025
51296394,0.771318325962
517060749,0.0588692815465
2608642190,0.794032600235
202684559,0.812574395096
113129617,0.493229194989
1475983514,0.999999977945
319240349,0.173027815237
1094432930,0.974053116533
1136277668,0.488067118348
21543078,0.319849162049
702167210,0.998458034721
30816427,0.192705951666
404601012,0.316640677571
46216223,0.991784490127
2182789308,0.905885248217
1390781,0.727415090663
519223489,0.262005778714
108443843,0.648333982745
115718345,0.997990637982
198588625,0.937364411447
200751315,0.531741734939
156809428,0.785261834465
261798105,0.179488827235
2886416602,0.966705461452
545536223,0.982182622355
4114811,0.991833417326
220444914,0.795922039663
400968062,0.399234685621
203405560,0.850654428289
35845162,0.506832231491
73447678,0.233675354894
490748160,0.96160439577
16365832,0.213626214245
80001289,0.815030547272
2827893003,0.250789591641
27408659,0.919548718826
16398613,0.517379309419
377436440,0.940528762446
721664288,0.555074939106
2459154721,0.869977489952
51296546,0.851548386115
213924134,0.162822567746
365836584,0.3426009005
263960873,0.998975010557
615561515,0.89917993637
40188207,0.867791992702
280443195,0.891731995404
326515005,0.999972282466
1320597822,0.880020412701
80165184,0.259726953834
20592973,0.995139498135
99367250,0.995247797847
302627161,0.32781144806
10041692,0.971681976581
616100922,0.983090803271
229685600,0.674292628334
1519270242,0.998562598753
189348203,0.544894842802
1131002228,0.973254464221
19970426,0.881583516593
715798908,0.699034533507
28490110,0.447930226282
423541122,0.89531054053
17250693,0.795356498383
14399878,0.245186545404
2920233354,0.907934298494
610515348,0.100188059802
158579094,0.221545402214
2288597402,0.939080136856
932821405,0.873634974463
521550239,0.996541566816
143997344,0.17165614286
20986279,0.00242603678503
91142570,0.496966893318
278673838,0.999945058413
109951411,0.666195606417
705968564,0.511384273667
115882430,0.925630930785
22854079,0.814993947731
5159361,0.938853089997
320289224,0.988314128476
413186508,0.368805413315
1455045084,0.974720078035
1439644128,0.997022185248
706787809,0.241106730199
840448482,0.9972570405
541080038,0.605659887221
329824743,0.181318810484
234732008,0.997036261968
94484969,0.987887841433
53933138,0.335749445094
2191768050,0.981174373813
1113537018,0.280780786891
30194177,0.762000102006
6142472,0.651064330904
1383250447,0.138276627766
32815632,0.534352161302
43923985,0.982180823849
369113618,0.353218830596
1361197591,0.471961546996
327694872,0.833168349394
199539232,0.793800579453
1682322524,0.214910605253
240106033,0.235245040879
148683316,0.915861498099
556481078,0.998676953867
383957565,0.307948185015
252426815,0.368598654591
14367305,0.997740081327
2160867914,0.915948434739
1317194167,0.615144139462
55392844,0.167997317969
598456913,0.895067811643
241449559,0.194976870893
145799768,0.634177519431
624441948,0.322833493532
206027357,0.934070365723
285260382,0.891021410611
1586608736,0.305550294994
1265613414,0.771566210385
384514665,0.986057814444
38320747,0.254958256937
19905134,0.367073500999
188234353,0.683669092194
25836147,0.157928894603
35437174,0.521379418045
1362672247,0.75614424665
2593634940,0.287522147626
517782144,0.978315061161
375785921,0.821009978841
288799370,0.327391197553
1112062603,0.988629334625
24034821,0.947370086236
1727806094,0.999960728563
1597389456,0.654330656462
1670658709,0.386953632543
14989975,0.996826196485
56113816,0.416740975667
451033754,0.998967867608
2150021789,0.828973182509
22067872,0.812303263281
750598820,0.327292199643
2920790693,0.335309241439
40793201,0.935244774301
334871209,0.962935658675
335002284,0.371689353567
2263497390,0.977130155729
24918710,0.262725997668
581778108,0.979941020679
434125503,0.314649686015
413121220,0.0891137799403
2486549191,0.192705951666
273496778,0.14384193578
235616971,0.973374613556
2149595857,0.309302876287
193903316,0.999724050444
255605465,0.982750641951
422442106,0.218258289746
24918755,0.255658056265
2282568420,0.967277185686
182729453,0.928814002179
29506286,0.958746023929
211466995,0.614428355289
54082293,0.671026586613
261733111,0.910087554806
17349368,0.999951403936
102939387,0.206459041067
475544318,0.429136742739
323631874,0.00302957935753
227195662,0.30953501599
177486607,0.417685262644
16792344,0.995366849514
2658044378,0.222635175109
1898396449,0.684463443965
14269220,0.880346594631
434282289,0.820180918274
11870002,0.991059400128
167033649,0.998019423771
30292786,0.318419562283
108804921,0.994497328526
26131259,0.213041580922
93436733,0.978569387194
862811275,0.999875832637
367377222,0.997495685447
69188424,0.234606170584
341949259,0.923733812949
102349649,0.803792071436
37763922,0.961777329257
431373140,0.967245530277
83704661,0.38026271784
929020758,0.241371392988
621820759,0.794842626899
2451684187,0.999999999747
719068986,0.239366073366
587971424,0.930523998801
297089891,0.962244027684
2246065000,0.98541439499
231553897,0.973682695423
16464746,0.881841893665
499497839,0.676574289143
19512186,0.698602296537
297581437,0.959066011922
42679166,0.0965603041442
138918784,0.232742436879
2408037252,0.192705951666
19479431,0.827701576664
121715594,0.311747253676
55327628,0.990827599914
756562831,0.922531228212
516078483,0.0973051681006
409090972,0.453069170861
587676580,0.192705951666
239006876,0.99899088645
147045301,0.919948655828
1002683322,0.999384049821
111655872,0.477262634608
115373216,0.993694971689
16195405,0.150142824824
110967761,0.506436745037
7617502,0.858198555144
42384354,0.98829944359
15875047,0.642343640672
3062761,0.526618045738
357907439,0.183213660961
257145854,0.79293638979
1621081087,0.987384784903
825964154,0.371406221952
22887448,0.538533297022
118733851,0.192705951666
1637760030,0.926937348306
966769700,0.781655045888
2365307943,0.911125495166
226999336,0.99970546217
176929834,0.998883552044
314457134,0.701801270471
257178671,0.846931361887
2355641393,0.0733502734284
489536563,0.654089401433
478592054,0.543107387601
2190488757,0.464151156799
588954688,0.177664712458
192166979,0.953374081037
470662214,0.446256584127
176086881,0.248058048587
1287306313,0.415501917854
64928856,0.707616983992
504870074,0.945608907572
26033247,0.985999429299
311311456,0.981532176762
44579937,0.998090202872
127775931,0.681057086317
728611950,0.0725499821913
180894832,0.693606708041
788138515,0.988823427078
351059062,0.336969777298
10009722,0.816540604115
1001897083,0.3698451041
616610948,0.993754564446
51690633,0.973310685982
165854346,0.999996146911
20200589,0.791973164315
8043662,0.35766389238
14105743,0.797309563729
346209425,0.996951957882
16137371,0.407058586579
2890120358,0.946524752503
367180968,0.251215783885
427080886,0.107052338904
326286521,0.999874633534
16583200,0.556543619474
359150796,0.259880402184
20397258,0.941752124305
479182035,0.973005239435
15187161,0.166981560076
175422684,0.584971006193
281230559,0.488438586192
2819472609,0.737921339813
631979234,0.911391170166
1592409318,0.944423682814
153369832,0.67794780915
1411759352,0.923548973986
61062393,0.617719104581
1934998783,0.947839688597
57425153,0.793150180703
552058115,0.999823326241
1499741449,0.976827221032
983285005,0.86293962232
311948504,0.990987773886
192822547,0.114417155619
2377628948,0.922124807993
3652891,0.211780980147
205438240,0.999091795799
83246369,0.999999980382
242662690,0.513829843047
18103588,0.386980934498
14662955,0.96796184535
632405298,0.192705951666
635649332,0.997830759059
1287142711,0.991877315126
25410891,0.376375850997
43728205,0.670967064009
43676899,0.999998819494
158383447,0.671506727792
158743899,0.53355111473
819871068,0.99919185434
34717021,0.602294978427
309837150,0.212364847605
490388835,0.994005216868
81771882,0.722301443382
375176559,0.208774265346
305085808,0.999999999991
331234674,0.626084243409
48381299,0.297114890401
2476686708,0.998601127639
17644917,0.540647610951
1560395126,0.182096235966
17415548,0.856519547973
225721728,0.950381064256
176700802,0.86141899327
34168726,0.255485404334
337591694,0.817098993886
264060305,0.918162439248
49560979,0.16688227795
2266054036,0.293505441964
1663843735,0.327154090675
193936797,0.598783005726
101858718,0.507038991825
27770272,0.192705951666
394476973,0.74270703107
70759667,0.841547200763
417873332,0.778268823013
16563637,0.535226053567
301514167,0.30350449364
68828605,0.917254549039
26033598,0.985730005533
15547839,0.944018008175
25574850,0.75163540433
91376204,0.984224293756
381205962,0.999641322052
59555276,0.45490787037
26983898,0.27122086412
1016249821,0.660633346026
2207890910,0.987931127323
592912293,0.397833756448
998981095,0.870817693506
2933603817,0.356209800698
565132779,0.944736307534
401358321,0.446698927097
18628082,0.888488714473
305708531,0.265771763647
575094269,0.567909170857
2776022533,0.999091494954
43662855,0.597809627333
775011852,0.274183595017
2612739601,0.952574803324
15875604,0.935420040388
1079229978,0.817499612733
21380640,0.998199513571
1941159464,0.309630679858
15913,0.992945368149
526677255,0.916069705174
59972312,0.335183174711
5193261,0.802913387368
110968369,0.60535532424
131874358,0.980264169337
874987064,0.930049510584
775306812,0.973425990572
938425920,0.43262166699
1267613252,0.25876680928
266583621,0.992727075555
20692563,0.600278298314
520765016,0.39481740958
2427993691,0.271278787208
60472925,0.81599971554
191086175,0.282971600111
2183596646,0.995890854061
122240615,0.144498219161
1666661994,0.202355091914
19414635,0.980524681101
15613549,0.252637506451
470793839,0.725222833688
2194849398,0.884766641294
19794538,0.911684552754
402833022,0.998997540078
83279492,0.300961234773
14859911,0.680611571937
1099644552,0.807356864091
216284810,0.999851735351
249446033,0.958409120043
28655250,0.53021371466
177356443,0.876715831891
2388115106,0.998720217563
320913059,0.696957299133
271662759,0.843351441511
1597226666,0.895354052026
179707847,0.512734406068
2218933932,0.821894622833
438714035,0.796561665521
46055092,0.752677661548
1964981942,0.430983916969
375939017,0.160844877516
382287544,0.82008122005
344538810,0.602057863695
224476863,0.101974924666
577355456,0.972901169769
711311043,0.901343442694
17252036,0.410075739029
380717686,0.737139371934
244301511,0.944406703488
1952661193,0.231898929304
2655665868,0.673084548823
1278557904,0.192705951666
942096084,0.437598322024
43663061,0.859902202544
1020256207,0.723309909398
557268700,0.869709514004
92469445,0.586709621611
25738979,0.941712291643
499269349,0.707435986813
561987303,0.9906798226
2237218539,0.978229311362
2842476268,0.317063934142
17972974,0.865738569564
1708619048,0.995334203843
1689698035,0.324490216063
26033916,0.986115700831
2784706303,0.762777613269
536428288,0.803046080395
112344837,0.656923952529
881213190,0.312812717045
30261001,0.00518305681917
2706095885,0.371378466888
1025326872,0.601127487558
156712730,0.225185770797
15056667,0.260483125984
1683472158,0.999993393873
59141155,0.971125760987
1336950566,0.999382304265
2263039784,0.664409189304
40189743,0.349477760036
422919985,0.27183245424
631455538,0.56722900281
187514675,0.338173698005
24166202,0.994951940649
287555390,0.862434125448
1608138559,0.804484391226
1097833424,0.999514114121
102907718,0.192705951666
68403019,0.254276263456
63586126,0.0464400600233
545079119,0.986682514935
25608023,0.754036526964
391462745,0.0789422017605
21711505,0.0775146457964
66764650,0.200523827056
213761900,0.928673537961
546127729,0.974819273696
95240057,0.921111076145
326319994,0.988848163303
204455805,0.141262770679
605362779,0.856371886967
246497160,0.582194489605
2861088650,0.216523998602
287096725,0.973143007459
2558195013,0.983817503501
799457184,0.788859081939
2607428935,0.53549731902
2231058349,0.790279115966
596885422,0.909369915713
466960311,0.72197094709
288571331,0.602910413029
2457059269,0.690950489152
1274265546,0.880167411586
965001164,0.699889990099
437206994,0.99984862011
311869395,0.747193559105
480886742,0.262269044081
198361049,0.98794788888
358301659,0.0679461849299
19251168,0.314973691813
49135588,0.129833236888
1114707756,0.99971527364
622247912,0.901989439828
2305277930,0.736406462673
244826093,0.479746584816
2358755310,0.999999440374
357154799,0.977587535616
410828784,0.896507802081
2908536818,0.202923435484
2273624052,0.408951056193
35012599,0.91703632339
265666553,0.243961327183
624115707,0.765799844412
27279358,0.406342758179
2482782207,0.377171550613
320323596,0.995426628898
271990798,0.230983214007
24428559,0.859873405208
96682014,0.227456232902
438124586,0.99937276149
2657763373,0.453010085051
374194229,0.266177081347
45507218,0.889425781077
29564722,0.915053866714
47628348,0.816971352659
853917757,0.131214137191
277340716,0.960540324055
25804865,0.639966281403
2831892553,0.6497167552
25378894,0.986319774559
26591312,0.411531957262
1425981524,0.358963958884
108576854,0.726973360222
178208857,0.968169557031
34127963,0.77299111348
819118172,0.86103395424
173097062,0.991209890598
188858472,0.999853480412
137740393,0.999999810313
77381739,0.999979949825
221823085,0.862688182224
287064179,0.0700324504798
2839789684,0.808143454286
262226038,0.687636922488
1545912440,0.424658814152
2728304660,0.316734728268
2298134651,0.411384312535
2414428284,0.25571038425
18825349,0.354398634699
12566662,0.80225754416
1409204359,0.192705951666
166314122,0.22574053935
715669657,0.636072483489
1045184677,0.994137365086
378323111,0.185902671814
1272791209,0.192705951666
2165478340,0.992281731946
2261008566,0.211352173286
1067106494,0.289609152531
144064703,0.997783249203
2349088961,0.557653368446
14237896,0.505369502952
116441291,0.805820501545
8470732,0.987975989893
561660109,0.824693818442
15941847,0.592287560976
2184036570,0.205396988681
2448132815,0.492399700558
176373984,0.214212888526
15878864,0.857272065437
26034404,0.986001812809
256884965,0.422628812002
58605798,0.891962332277
238862569,0.323052873856
43761903,0.192705951666
1708409072,0.323147621308
116564008,0.983481920379
2371928315,0.882350858268
443203837,0.0503602804996
165284566,0.385215763852
16040198,0.591649648481
17481993,0.801781166928
14991630,0.739933274053
2902901011,0.832865455736
111690006,0.0764884334945
14387929,0.383046946661
1337999647,0.325397555615
250265888,0.234658375264
34619685,0.218963931575
1402913065,0.77461293046
18989355,0.463360302348
498549038,0.946321607712
15712560,0.820756705825
113066295,0.983333359507
416334138,0.990548174485
479445319,0.519329820969
28500874,0.854937067487
2793682318,0.123804171991
210223446,0.970816950504
587546970,0.602549292692
285655390,0.5355641536
458801506,0.997539559224
108806502,0.0941910445398
1158889832,0.82734214899
72565100,0.796806720849
2371764591,0.704626747532
228540788,0.442726507355
2225750389,0.636391327084
2448769406,0.221855514472
96354690,0.671247382616
182141321,0.999111006408
88195467,0.956761767138
9978252,0.861415597632
1363100053,0.899268231899
474636357,0.106032473197
497009057,0.0585940930104
15221155,0.698802824111
513786277,0.296339249118
449364390,0.381260034107
16761258,0.999962472591
1376076204,0.318004142477
48939443,0.991261409274
935281080,0.521731091939
512508354,0.408475073002
63324615,0.367917223161
635945424,0.587616593781
263471575,0.904273803969
1967276510,0.466081940745
226673122,0.324570508766
315802091,0.10770943906
44712434,0.340805420588
435175925,0.994982038329
18891256,0.192705951666
430359034,0.764079996489
28590591,0.282081149862
423346689,0.691408958878
592527875,0.279895460748
2263335428,0.177410808016
130433544,0.972074893659
2405122576,0.273312752643
373113362,0.994678429591
485343773,0.292664018927
392497925,0.509784848991
2407547424,0.993436270388
50250277,0.721499881416
17973798,0.955540380747
1562100264,0.531522860477
223593009,0.452509629981
200963507,0.244032614833
435667511,0.981447859472
241320507,0.684784598111
1412776508,0.93278929914
102285885,0.965236648467
11027012,0.212649604769
1116681654,0.859780325368
335102534,0.960583268531
438813258,0.586767952165
74957392,0.358564467344
293552722,0.329123677286
276447828,0.999630457157
64438872,0.383829902952
2484453980,0.226565274487
2174389009,0.339774411528
1614660200,0.991069081703
741556849,0.605297256559
18301554,0.194418498049
14172794,0.481325931694
56509051,0.7692971916
1431356029,0.769951967683
44089984,0.724233970582
2730476162,0.993117912839
210944652,0.732665291295
128696976,0.105065281808
1167770258,0.617186611704
460898963,0.8567240002
278872731,0.994781961754
710754972,0.685203428695
215433885,0.231390803
190366367,0.994195936627
1043284640,0.815989434029
21873318,0.94839552278
1328366257,0.915870176584
248726194,0.927214296746
43893427,0.94525104876
1683964597,0.778261099678
383599286,0.265125989685
213172927,0.499284508226
936559296,0.721833335203
491504321,0.243186697981
146883267,0.192705951666
464241349,0.0899925658956
39797447,0.761676866868
349238732,0.266724723377
17547979,0.943939979646
291128014,0.456585121936
15712979,0.925213209374
465748696,0.363948020133
272450277,0.938425275543
19743466,0.363850842593
384385772,0.903103023927
803565,0.129379395836
232866543,0.341946358073
98288372,0.628731482171
21447413,0.998660368476
236700415,0.938905853502
26067712,0.540756511411
54084353,0.257875210202
177783556,0.965099129091
76464901,0.845257335521
173818637,0.936863100752
1343046414,0.898295465279
2633974544,0.480324396101
164971282,0.866270536898
22208643,0.387718081376
2157036314,0.307328100602
473285403,0.999219620617
827081508,0.990017665758
50414375,0.879848245394
2714452778,0.977418476351
26821427,0.260151669327
483214135,0.91697168687
542786362,0.892232051329
845005633,0.658152990408
246170444,0.995929922761
25381689,0.994653890721
159662936,0.458284064396
54575965,0.237917020334
18793313,0.637400776955
72893286,0.244494919849
141312873,0.956070925166
2263499630,0.66483751551
19514227,0.957756591332
938460020,0.68294737421
167494517,0.749905387902
345621370,0.951417901278
114115460,0.815059238891
409944971,0.202107459857
50099694,0.46888574883
607503262,0.311406150617
167527332,0.903626370258
115444551,0.965803891725
533209246,0.983746097885
2424423350,0.231401616039
46351291,0.994720935293
353780675,0.998064049944
300532683,0.99844210681
2288862156,0.422005502918
183649236,0.990460012427
55067607,0.896540570272
2373305307,0.660236152255
14271452,0.94499766543
843941,0.898347936559
257082338,0.281294104125
506282981,0.738523931715
1167049704,0.491423884982
15483883,0.192705951666
142558190,0.961337065656
19317744,0.933109775158
519619583,0.984286244589
1286685696,0.989735042655
303449089,0.597606607405
10142722,0.999860045693
2556032513,0.406147654619
475055119,0.986458609009
614482968,0.969273732232
225821725,0.74830055214
393004069,0.0556021027049
32982058,0.270193244224
376390700,0.868575320304
803890,0.93873463548
1494762552,0.9991056486
15844409,0.996189124555
472597562,0.175829795723
26035261,0.986155862827
24921154,0.890684108324
1063994436,0.999140001268
1621378117,0.970294389476
7488582,0.920224595303
602096713,0.971203685519
2827109453,0.142083620225
116147278,0.337340482777
1063109712,0.990531053437
2212512850,0.844943095295
50742358,0.999173417053
24855639,0.977424138128
90293337,0.845285666588
267830366,0.947045683627
15647839,0.983065205935
16270432,0.24793519326
204489832,0.760396629507
769868905,0.0578312477886
54707307,0.67903120825
2539406446,0.994502458549
134268017,0.756265729422
988890230,0.594565987422
2802631801,0.873695511473
94454911,0.99998748505
1107707010,0.970708355118
1587299462,0.999888779192
2485798026,0.987100440093
60605586,0.957879922303
459916436,0.153118618044
378422426,0.666976471717
139671067,0.148123388696
1621574822,0.377846798119
30655663,0.18008136241
703939762,0.182122886794
2879636661,0.996758785259
2224374970,0.495969795606
581354688,0.904997837898
15811779,0.752141037982
957203654,0.401006089789
610026704,0.772875295021
2609431764,0.957637974476
464274649,0.849312156941
114672861,0.479818375665
1976017104,0.475223047682
185877734,0.252448680613
71288040,0.67310547032
217203948,0.0854585279577
1274135797,0.660574642511
2310522104,0.527505387009
67355897,0.903161785922
1628095740,0.874849044535
216712448,0.999996504869
1446954242,0.972942377215
2773730564,0.194511084337
434750733,0.999057981194
1594672399,0.999966465996
1948566806,0.172213050016
426984731,0.572013579244
275924253,0.428860186559
16631072,0.381720684787
35636515,0.308732639875
574145828,0.371715459572
17581349,0.0466850185174
2732783154,0.143950151116
337724718,0.991019169704
436297949,0.942114909633
2207597875,0.0644603103124
332547385,0.74317072329
287476619,0.711495904619
270091588,0.956754474215
1057113414,0.952972051066
357025096,0.100063952414
354698571,0.228627892012
1869595981,0.487068059811
1470383438,0.321119590879
14796111,0.87179222204
552125776,0.392779157797
1255621969,0.79702467084
97109331,0.347843977338
465880404,0.997050665071
1431225685,0.412986317051
245282361,0.999979882795
1419037584,0.928312073813
1406485860,0.838494476296
2415150462,0.475177891613
551699841,0.360734814406
366298498,0.0364974923434
26035587,0.984395729561
50054533,0.99671176526
17745290,0.455929489109
18826638,0.898576117826
15779216,0.0113526637192
267273619,0.550884320925
981452185,0.257544392585
1564067226,0.957267391149
1225573789,0.457984385374
309605958,0.963469559224
500254119,0.991769896118
2246379907,0.664767402953
44680622,0.983912082458
10864052,0.827964118706
491052772,0.996563766953
1022444983,0.671037593661
85476793,0.886258585104
2968012219,0.838277130946
413615548,0.176597167857
383501757,0.965136271825
154420676,0.661630777679
229361093,0.466885156548
278545874,0.494660617719
222512595,0.656581546868
135316953,0.13284574669
142460382,0.982176370717
35538400,0.555290173709
551339494,0.218241517089
1131824624,0.394297528022
505857524,0.992526520061
2194661630,0.961714382003
1152468475,0.891706696115
29705724,0.811875236541
595609086,0.961886761998
730875392,0.996594915952
213435906,0.207918650353
2490451460,0.51647925434
407029259,0.860390860008
1540998673,0.495604871416
2241218066,0.324634756724
2459092512,0.192705951666
291391012,0.192705951666
370740145,0.787164940376
33044060,0.996227236909
188499505,0.320149036937
115852850,0.946326487649
2610939443,0.843238678037
512083512,0.756036428993
84264510,0.658602920151
349980225,0.352574171692
229459523,0.898641272519
14632518,0.129807343669
194725449,0.978826721962
2381432396,0.893745983512
245941839,0.175163499229
92423761,0.446657527388
161465939,0.192705951666
364791382,0.980995676701
54085217,0.510902055067
149276260,0.999641986256
1058883176,0.960361948757
431081069,0.229825181141
1192740463,0.463275617989
40846963,0.399642354027
381437556,0.282060138779
29543358,0.623481105171
362890870,0.890899255308
567658105,0.734901387595
415417987,0.422822362852
305186436,0.806408081376
1394447376,0.671234213141
1290111937,0.825117386524
163661450,0.266489021751
320325270,0.882448440831
896648858,0.995136882428
2364688028,0.998604359041
139118237,0.926340126906
31377059,0.553091478029
16598693,0.196192447048
485312168,0.919437214084
347031209,0.834366864317
1276495530,0.285329764538
2567259828,0.965241093886
261899958,0.999983652438
1369982647,0.281675651781
94029501,0.940010461948
392513215,0.966133631364
2867607158,0.346806889347
1909573328,0.961948417313
616150650,0.287769086479
18073310,0.365136904554
55887584,0.523500595856
1671874278,0.101933754326
171493096,0.699432555885
544360178,0.609685175597
2343552757,0.994930767078
970694953,0.157816186582
228804351,0.483431324445
228378378,0.24940326724
462636823,0.691574632218
2350794520,0.112447791925
26035995,0.98565208314
206522140,0.791401487175
247908126,0.417762497611
2282276651,0.56946812436
165725999,0.975491716895
928139058,0.474253109622
2455553843,0.192705951666
205145908,0.457080918966
1924810554,0.181342074158
127846207,0.448852986991
103106370,0.336822815143
110610244,0.796163584595
189647841,0.598181861069
23054163,0.621559612191
1705854810,0.98978543938
466634587,0.992984072359
243648348,0.635128201734
222775140,0.936123559395
5162861,0.957063559271
74435560,0.47130170292
602326898,0.543583132304
17876851,0.911843478059
221792123,0.21702956753
144000893,0.526970859917
198952833,0.750221353568
90621827,0.377673249439
1575433878,0.959014263017
2305738632,0.210366149248
2289092490,0.856968069749
150882190,0.999913996746
242599823,0.156804511049
20924307,0.880498522976
2298857365,0.108543424272
138332055,0.581495224878
1486217540,0.19606381201
542591984,0.989455005198
376588197,0.88169210112
43894696,0.938820555015
535644073,0.950037882026
2148386739,0.16754683739
68896704,0.586465429008
70109132,0.905081176931
66668501,0.578275613762
501237718,0.993024181178
1259063264,0.553068457904
305743842,0.958730584069
2169685993,0.918028217136
533645293,0.79475444105
17287153,0.953786830318
1924843512,0.831004529028
97110011,0.389057948827
1601390592,0.215844051649
203868162,0.984032342295
830031877,0.611944429305
842483718,0.933559150201
14898904,0.675315290802
392677390,0.102019007917
25380879,0.98674230525
35014672,0.654177333198
245639401,0.95675525588
43567124,0.602084663718
100288533,0.877581642023
26036247,0.994228844836
331991064,0.576272600507
103761947,0.189600957693
132139038,0.554800934505
16402463,0.998587580361
2860959776,0.914331695278
345229350,0.468958390101
149543,0.986174647255
315803688,0.997296195404
900735324,0.573369954887
275892267,0.971724009735
1447708718,0.80179336081
166169608,0.626677583545
1122617401,0.999843514588
177063995,0.988497871376
221104189,0.419285872421
2525962370,0.192705951666
459448673,0.616110422112
437045324,0.831625827293
1652049997,0.217686557796
783087288,0.973119642001
101828693,0.904248721461
619825243,0.99526036273
566577251,0.900938554862
745883748,0.495400151019
92620906,0.522413689633
340609132,0.484807850594
196429938,0.967094565909
408012916,0.259996538168
2830967145,0.358775408094
244210271,0.353274308101
17975428,0.952853838845
56903817,0.999999950977
81217675,0.999132223064
844712078,0.561407969433
341231759,0.180988207324
47007892,0.674944730024
2535999645,0.962502443083
1682196638,0.464534203603
356468896,0.0525566622621
863717539,0.98718562151
322193573,0.995652411712
805882022,0.474040303491
26298535,0.870371966289
22169773,0.893871646428
78497970,0.00481820907884
240208051,0.667313608219
7686332,0.821188061461
219334847,0.664295733723
156060704,0.352191970482
15386819,0.948321978408
340664694,0.998569127576
1463863496,0.907229083969
1948076234,0.912680925228
2852571345,0.620870483412
70600914,0.997161019686
826532742,0.191265897391
198943097,0.805788603726
64506074,0.584945966344
2271594715,0.663156677611
20039900,0.89068323325
14207199,0.970621990829
262916329,0.689548817144
210290925,0.860013084752
707774702,0.409671155304
62245103,0.634659169705
2962770161,0.974578223743
2753349876,0.955906826856
3721461,0.930446463518
1600833793,0.900758411363
219564290,0.40643609964
7194892,0.82532227275
1907247373,0.867473867243
1631176974,0.909023091166
559106322,0.88398448944
14174484,0.997929935515
36423960,0.963769091322
1901218074,0.748794994049
338184479,0.964038852239
44289072,0.285439280473
199805218,0.845733134442
202950955,0.82090515128
176507184,0.971113971403
465717560,0.123077820435
37439801,0.520565710186
300599613,0.827073569899
38652222,0.979066086766
196069701,0.27679367848
41961799,0.512892627648
606488904,0.57412083188
57264458,0.98534671846
472533325,0.991397180039
458924430,0.544141482906
335661411,0.901817932883
25381221,0.985104674761
381739410,0.999922575323
94380436,0.974537704232
106711419,0.310483982955
1499515261,0.927226414483
140233086,0.850529483894
49760645,0.990020979686
2871085450,0.928649720647
15753624,0.447229444452
385075611,0.598076209485
84386202,0.192705951666
220776862,0.99759597962
307612070,0.879896988882
26429863,0.64738229649
1264208298,0.485397074927
411186930,0.192930034142
909593006,0.36738198723
312822194,0.994765327292
858245558,0.700057231847
321014199,0.26441194441
261487768,0.976597154762
1231291,0.904538992199
1191496142,0.287491934789
2245675474,0.222900461474
190564826,0.996036833417
12601822,0.434974183037
46844383,0.535823001612
508250599,0.362541249672
137513452,0.575111947696
404376053,0.883026385719
2367834619,0.155426694202
1317578383,0.390150811379
18434559,0.876600111873
11192352,0.190769126898
2930657809,0.192705951666
850704133,0.166180431901
151222531,0.990062464845
891767341,0.4318095535
2187381295,0.520241404378
1861765680,0.952894927029
106514999,0.822581771802
892160568,0.534864093011
16403001,0.368257219506
330123834,0.607956175372
39619679,0.903188356267
49105471,0.819967508043
2571553350,0.985934325862
607452385,0.218090655799
21482060,0.638250345829
15682125,0.608622309892
2597669467,0.273887823617
71813724,0.63499100237
20032691,0.78158737779
2545371755,0.213397843718
2807351920,0.192705951666
1244383861,0.915813599866
729270902,0.999731951269
54283369,0.734140456283
23841406,0.938021228967
884700949,0.466479394124
217991810,0.343803985019
341723779,0.389974118112
86559364,0.975822042416
182471301,0.376667285006
16501385,0.962610361963
25381515,0.986214581617
2236795532,0.999703408652
2157726351,0.608939667463
1110231697,0.271012928368
32230035,0.277485099195
28035733,0.998146906858
34761341,0.534751607174
2386152092,0.846567205053
1252641439,0.584389072535
14404258,0.755763148926
97471141,0.337831178847
438749867,0.203457615124
315148980,0.979412787397
2483702455,0.33579817113
96848570,0.944402915206
949996219,0.176815156014
420498110,0.149306270986
225200832,0.400540617277
2539735746,0.927716591553
1537985220,0.485122335979
420563653,0.407355365264
903203527,0.0799520695673
82332363,0.81385518605
458897186,0.709033398329
463391440,0.42163721681
114445011,0.445885111057
335497941,0.0252642881669
1360480982,0.400446092685
17418971,0.961349404352
622349024,0.161820185038
320654050,0.615198677206
26757860,0.253758783273
85510891,0.896503651922
308333295,0.99575532912
63785712,0.998063360131
15518450,0.677228978225
22694646,0.876328153121
344083191,0.261235526651
991185666,0.988612848316
2468072196,0.669112045794
989481733,0.739513837789
2895530758,0.29947234102
524678956,0.350810454913
2409909002,0.283724082355
6376212,0.518533068486
1541753622,0.90286802998
37210906,0.947897747541
2297547548,0.992737653593
122440477,0.190542414911
559631141,0.373908073626
404507431,0.169199532454
1948961580,0.297238079115
605506349,0.991328795119
2273626928,0.996519324866
2412759865,0.192705951666
76892989,0.917490209943
213371710,0.239425073451
283429701,0.134406208564
95996755,0.998905254769
718687063,0.265044326864
2886880090,0.399228781112
1022080826,0.9732739156
112501221,0.945044784889
753213926,0.371439162451
269667179,0.737204855078
551505400,0.211477217165
1133441,0.485157617277
330746756,0.755436509869
487574406,0.36402033807
1209256842,0.25571754305
300927886,0.634971349783
747424656,0.909814839886
57363354,0.941693654737
1056492446,0.203277724489
260426661,0.947478850166
83833944,0.991198605863
128279025,0.995056468263
300403625,0.986362883185
499403696,0.656848319365
16860787,0.744680717082
63294398,0.0808502823996
1542245311,0.792454988735
2726677440,0.974534840562
392776642,0.408207648696
41143235,0.998699521526
17877958,0.885824755011
29576143,0.772480571994
1372900304,0.323988030466
48483283,0.437165386249
493112276,0.999940377484
850349017,0.176026586263
970148826,0.54667835173
2744929248,0.707827106257
1244444496,0.978499783319
1291209704,0.970209113307
218254320,0.953337202368
116247537,0.990397897347
1084771314,0.925877787055
335334391,0.40462611503
2372553726,0.950001485465
24333318,0.338666065986
19057674,0.203905318934
976735243,0.111535623161
567245348,0.992307317611
2935442454,0.155308513578
24005657,0.965764786806
14601243,0.536560334535
1923861536,0.582415122689
217566245,0.96013759708
25381936,0.986474981906
2343881777,0.684772691664
370789427,0.192030142206
2705596937,0.268837351128
46156858,0.99220147975
461392957,0.992748285604
593349697,0.143453190191
43240514,0.446187876546
2287455302,0.0405426811535
566938697,0.898297666472
871746638,0.192705951666
62901328,0.114266791898
1213353049,0.752286059451
215993435,0.993863597296
347886743,0.280256018487
2875575394,0.986608702377
734907493,0.986568946378
117820521,0.860021702442
25906284,0.949765128534
54447215,0.749905935211
61000816,0.857924148247
124898418,0.997535480407
98192499,0.612516907767
534400116,0.996878921545
188402805,0.639243602271
32296057,0.515598329784
424397957,0.382841350651
1257491592,0.209589524132
31231170,0.735826573883
18599061,0.996738767998
2437123268,0.868378715421
26097519,0.999990047393
83741857,0.715669598075
631491748,0.305226717559
770608326,0.217270864713
32492711,0.810407438531
24038569,0.875966322152
272125101,0.461110375313
437603509,0.72288750028
427609273,0.766794271851
860900540,0.560485275174
1360284876,0.0991927363881
557239504,0.343341769129
14219128,0.581637044639
82889940,0.118757146884
2356983674,0.583196465193
336121060,0.142725996442
319737064,0.717954773416
38653161,0.790137330798
623217874,0.983097427139
1961610486,0.812899551757
243027192,0.991213905715
2820951291,0.664893094062
2729266428,0.999438734441
1273711872,0.93040288878
56872196,0.7262952018
104587820,0.980909081892
2334412045,0.690593619015
34229519,0.955114721713
183618838,0.198026918549
269896991,0.898521111781
2290535714,0.283442297533
1026875953,0.514080406441
28281658,0.615420320746
186240301,0.330410570784
2277133616,0.821247896393
127126836,0.988153986943
238275895,0.818954124721
552389944,0.384181197037
2626538811,0.698086848908
196529471,0.267198932814
42814787,0.805605770797
2440449354,0.990302447494
445533516,0.982627754988
78204132,0.804944028428
200002906,0.771626903853
71355742,0.521883279035
325209439,0.993296243228
561133457,0.747537401855
232967528,0.284079261631
2382056811,0.957783860182
350080365,0.351256281033
350145906,0.529181094331
623463798,0.774307136618
25546107,0.299314231146
2860928380,0.864140957471
91606399,0.573881213063
1138751382,0.735505205246
454348166,0.982814839112
187616648,0.251030268484
278777228,0.827366296441
282348945,0.981926551979
1941458324,0.935339894566
242470294,0.995069831941
128437659,0.875145684907
52809118,0.99999717479
28200354,0.877904607878
423393179,0.29811505417
166186410,0.882549317999
1589431729,0.913361608496
292179378,0.821653903452
10997172,0.717803633074
20401590,0.986684270166
883412407,0.701463596462
15814074,0.605197024866
2372914620,0.580553598382
273698237,0.619078396212
1640320446,0.574721794885
1571802559,0.10066487076
348278208,0.728099192607
2189096864,0.985811464423
1338920390,0.331794939405
362991049,0.993748781542
2215371,0.496103290818
191291041,0.946372438934
879250910,0.46291507228
1093160420,0.98346772228
351620584,0.188031651347
360795626,0.969197693466
27545080,0.993396336414
196824569,0.929178477909
30166528,0.632031398617
15191554,0.882579879155
460574213,0.416353555739
36851222,0.879280358237
23973124,0.93830626584
38719002,0.346099487904
3640581,0.911766601722
99208736,0.812652239024
535776807,0.410870369976
30723624,0.579437714153
